{
  "euclidean": {
    "entropy": 0.8023434114131782,
    "purity": 0.7278156442713405,
    "ari": 0.0064655913143681085,
    "nmi": 0.04891967748596549
  },
  "cosine": {
    "entropy": 2.4829877938444618,
    "purity": 0.35144433625446286,
    "ari": 0.09781323904469054,
    "nmi": 0.26981147088399504
  }
}
