{
    "manhattan": {
        "entropy": 2.2708936079294575,
        "purity": 0.3981824083089906,
        "ari": 0.07290714186082672,
        "nmi": 0.21108870807570013
    },
    "euclidean": {
        "entropy": 2.286900103374941,
        "purity": 0.4669912366114898,
        "ari": 0.08496549932591702,
        "nmi": 0.23901352439426823
    },
    "cosine": {
        "entropy": 2.631007088606983,
        "purity": 0.37682570593963,
        "ari": 0.11670624122773982,
        "nmi": 0.24481356321062508
    },
    "chebyshev": {
        "entropy": 2.5509108386787194,
        "purity": 0.3306069457968192,
        "ari": 0.07034754353841725,
        "nmi": 0.19485216228098926
    },
    "pearson": {
        "entropy": 2.6990286132613766,
        "purity": 0.36903602726387535,
        "ari": 0.1110705240884273,
        "nmi": 0.2401873671829391
    },
    "jaccard": {
        "entropy": 2.7023409206092244,
        "purity": 0.3569620253164557,
        "ari": 0.11322015674296608,
        "nmi": 0.23576800353835048
    }
}