{
    "manhattan": {
        "entropy": 2.8225304990470397,
        "purity": 0.5064589419019799,
        "ari": 0.255244131207004,
        "nmi": 0.4222887724422032
    },
    "euclidean": {
        "entropy": 2.816871742626785,
        "purity": 0.4771178188899708,
        "ari": 0.23637334800707419,
        "nmi": 0.4205996848074194
    },
    "cosine": {
        "entropy": 2.797109687504258,
        "purity": 0.4884777669587796,
        "ari": 0.24033636499603458,
        "nmi": 0.41836370659583033
    },
    "chebyshev": {
        "entropy": 2.892362797779454,
        "purity": 0.42103213242453746,
        "ari": 0.21827463063107128,
        "nmi": 0.415566062666765
    },
    "pearson": {
        "entropy": 2.8350895479063807,
        "purity": 0.4692632262252515,
        "ari": 0.23674671040257977,
        "nmi": 0.4206141622416527
    },
    "jaccard": {
        "entropy": 2.789242832887229,
        "purity": 0.4880233690360273,
        "ari": 0.22695911142927994,
        "nmi": 0.42437144178482794
    }
}