{
    "manhattan": {
        "entropy": 2.8998167599734486,
        "purity": 0.5067185978578383,
        "ari": 0.28254079623035405,
        "nmi": 0.4336425797024707
    },
    "euclidean": {
        "entropy": 2.8786137912987844,
        "purity": 0.4513469652710159,
        "ari": 0.23564029453673593,
        "nmi": 0.4115660341117897
    },
    "cosine": {
        "entropy": 2.8604189019025053,
        "purity": 0.5043167802661473,
        "ari": 0.2661260080917388,
        "nmi": 0.41912509086707567
    },
    "chebyshev": {
        "entropy": 2.914375954633458,
        "purity": 0.43466407010710806,
        "ari": 0.23081265851510402,
        "nmi": 0.4080398864141307
    },
    "pearson": {
        "entropy": 2.8492822955753985,
        "purity": 0.5182083739045764,
        "ari": 0.28364491900542094,
        "nmi": 0.43267135266792883
    },
    "jaccard": {
        "entropy": 2.8469806166689478,
        "purity": 0.5152872444011685,
        "ari": 0.28255470586605597,
        "nmi": 0.43148233944926656
    }
}