{"jaccard": {"entropy": 2.8303296045562236, "purity": 0.5254787406686141, "ari": 0.2759088675685411, "nmi": 0.41664970108275373}}