{
    "euclidean": {
        "entropy": 1.3218456166551427,
        "purity": 0.7162609542356377,
        "ari": 0.04480623248498761,
        "nmi": 0.22386598869098473
    },
    "cosine": {
        "entropy": 2.8874079016564687,
        "purity": 0.43304122038299253,
        "ari": 0.2078023253910326,
        "nmi": 0.35768130701499984
    },
    "jaccard": {
        "entropy": 2.8303296045562236,
        "purity": 0.5254787406686141,
        "ari": 0.2759088675685411,
        "nmi": 0.41664970108275373
    },
    "chebyshev": {
        "entropy": 2.941359925847395,
        "purity": 0.2145407335280753,
        "ari": 0.0513896149301529,
        "nmi": 0.11381859235007104
    }
}