{"chebyshev": {"entropy": 2.941359925847395, "purity": 0.2145407335280753, "ari": 0.0513896149301529, "nmi": 0.11381859235007104}}