{
    "manhattan": {
        "entropy": 2.6590120141139,
        "purity": 0.4414800389483934,
        "ari": 0.14933105026055804,
        "nmi": 0.3953450523080918
    },
    "euclidean": {
        "entropy": 2.6940568239119562,
        "purity": 0.42843232716650437,
        "ari": 0.14978793362817358,
        "nmi": 0.396872990634948
    },
    "cosine": {
        "entropy": 2.9391194620158263,
        "purity": 0.4993833171048361,
        "ari": 0.2944422036070525,
        "nmi": 0.459554464249459
    },
    "chebyshev": {
        "entropy": 2.7408157858306326,
        "purity": 0.40077896786757544,
        "ari": 0.14890849070088086,
        "nmi": 0.3554553232816193
    },
    "pearson": {
        "entropy": 2.899856275887079,
        "purity": 0.48490749756572543,
        "ari": 0.2610150413084101,
        "nmi": 0.43968313172846585
    },
    "jaccard": {
        "entropy": 2.8534045021405285,
        "purity": 0.5321648815319702,
        "ari": 0.30069204024479607,
        "nmi": 0.4425930461844827
    }
}